Workbook

Sheet Uylar royxati
A1: ID | B1: Bino | C1: Pod'ezd | D1: Qavat | E1: Xonadon raqami | F1: Xona turi | G1: Maydon (m²) | H1: 1 m² narx | I1: Umumiy narx | J1: Boshlang'ich to'lov | K1: Qoldiq | L1: Status | M1: Mijoz F.I.Sh | N1: Manzil | O1: Pasport | P1: Kim tomonidan berilgan | Q1: Pasport berilgan sana | R1: Telefon 1 | S1: Telefon 2 | T1: Shartnoma sanasi | U1: Shartnoma № | V1: MapKey | W1: LockedBy | X1: LockTime | Y1: Deadline | Z1: Izoh
A2: 1 | B2: 1 | C2: 1 | D2: 1 | E2: 1 | F2: 2 хонали | G2: 48.15 | H2: 7700000 | I2: 370755000 | J2: =I2*Settings!$B$2 -> 74151000 | K2: =I2-J2 -> 296604000 | L2: Sotildi | M2: Nosirova Gulshanoy Fayzullayevna | R2: 881776670 | S2: 934229955 | T2: 46076 | U2: =TEXT(T2,"dd")&"/"&TEXT(E2,"00") -> dd/01 | V2: =C2&"-"&E2 -> 1-1
A3: 2 | B3: 1 | C3: 1 | D3: 1 | E3: 2 | F3: 1 хонали | G3: 28.52 | H3: {=INDEX(Settings!$B$3:$B$7, D3)} -> 7700000 | I3: =G3*H3 -> 219604000 | J3: =I3*Settings!$B$2 -> 43920800 | K3: =I3-J3 -> 175683200 | L3: Sotildi | M3: Samadov Obloqul | T3: 46071 | U3: =TEXT(T3,"dd")&"/"&TEXT(E3,"00") -> dd/02 | V3: =C3&"-"&E3 -> 1-2
A4: 3 | B4: 1 | C4: 1 | D4: 1 | E4: 3 | F4: 1 хонали | G4: 31.31 | H4: {=INDEX(Settings!$B$3:$B$7, D4)} -> 7700000 | I4: =G4*H4 -> 241087000 | J4: =I4*Settings!$B$2 -> 48217400 | K4: =I4-J4 -> 192869600 | L4: Sotildi | M4: Hayrullayev Nurbek Ruzi o'g'li | T4: 46066 | U4: =TEXT(T4,"dd")&"/"&TEXT(E4,"00") -> dd/03 | V4: =C4&"-"&E4 -> 1-3
A5: 4 | B5: 1 | C5: 1 | D5: 1 | E5: 4 | F5: 1 хонали | G5: 29.04 | H5: {=INDEX(Settings!$B$3:$B$7, D5)} -> 7700000 | I5: =G5*H5 -> 223608000 | J5: =I5*Settings!$B$2 -> 44721600 | K5: =I5-J5 -> 178886400 | L5: Sotildi | M5: Yarmatova Feruza Xushvaqtova | T5: 46078 | U5: =TEXT(T5,"dd")&"/"&TEXT(E5,"00") -> dd/04 | V5: =C5&"-"&E5 -> 1-4
A6: 5 | B6: 1 | C6: 1 | D6: 2 | E6: 5 | F6: 2 хонали | G6: 48.15 | H6: {=INDEX(Settings!$B$3:$B$7, D6)} -> 7800000 | I6: =G6*H6 -> 375570000 | J6: =I6*Settings!$B$2 -> 75114000 | K6: =I6-J6 -> 300456000 | L6: Sotildi | M6: Xoliqo Umidjon Boltayevich | R6: 332662514 | T6: 45957 | U6: =TEXT(T6,"dd")&"/"&TEXT(E6,"00") -> dd/05 | V6: =C6&"-"&E6 -> 1-5
A7: 6 | B7: 1 | C7: 1 | D7: 2 | E7: 6 | F7: 1 хонали | G7: 28.52 | H7: {=INDEX(Settings!$B$3:$B$7, D7)} -> 7800000 | I7: =G7*H7 -> 222456000 | J7: =I7*Settings!$B$2 -> 44491200 | K7: =I7-J7 -> 177964800 | L7: Sotildi | M7: Zokirova Nilufar Zokir qizi | R7: 973197588 | T7: 46015 | U7: =TEXT(T7,"dd")&"/"&TEXT(E7,"00") -> dd/06 | V7: =C7&"-"&E7 -> 1-6
A8: 7 | B8: 1 | C8: 1 | D8: 2 | E8: 7 | F8: 1 хонали | G8: 31.31 | H8: {=INDEX(Settings!$B$3:$B$7, D8)} -> 7800000 | I8: =G8*H8 -> 244218000 | J8: =I8*Settings!$B$2 -> 48843600 | K8: =I8-J8 -> 195374400 | L8: Sotildi | M8: Xomidov Xurshid Fozilovich | R8: 500472781 | T8: 46063 | U8: =TEXT(T8,"dd")&"/"&TEXT(E8,"00") -> dd/07 | V8: =C8&"-"&E8 -> 1-7
A9: 8 | B9: 1 | C9: 1 | D9: 2 | E9: 8 | F9: 1 хонали | G9: 29.04 | H9: {=INDEX(Settings!$B$3:$B$7, D9)} -> 7800000 | I9: =G9*H9 -> 226512000 | J9: =I9*Settings!$B$2 -> 45302400 | K9: =I9-J9 -> 181209600 | L9: Sotildi | M9: Xomidova Feruza Fozil qizi | R9: 973831989 | T9: 30.01.2026 | U9: =TEXT(T9,"dd")&"/"&TEXT(E9,"00") -> dd/08 | V9: =C9&"-"&E9 -> 1-8 | W9: Rahmatullayeva Sevinch
A10: 9 | B10: 1 | C10: 1 | D10: 3 | E10: 9 | F10: 2 хонали | G10: 48.15 | H10: {=INDEX(Settings!$B$3:$B$7, D10)} -> 7300000 | I10: =G10*H10 -> 351495000 | J10: =I10*Settings!$B$2 -> 70299000 | K10: =I10-J10 -> 281196000 | L10: Sotildi | M10: Ro'yeva Zulayxo Furqat qizi | T10: 45953 | U10: =TEXT(T10,"dd")&"/"&TEXT(E10,"00") -> dd/09 | V10: =C10&"-"&E10 -> 1-9
A11: 10 | B11: 1 | C11: 1 | D11: 3 | E11: 10 | F11: 1 хонали | G11: 28.52 | H11: {=INDEX(Settings!$B$3:$B$7, D11)} -> 7300000 | I11: =G11*H11 -> 208196000 | J11: =I11*Settings!$B$2 -> 41639200 | K11: =I11-J11 -> 166556800 | L11: Sotildi | M11: Ortiqova Zulfizar Sodiq qizi | R11: 918108592 | S11: 918162314 | T11: 45947 | U11: =TEXT(T11,"dd")&"/"&TEXT(E11,"00") -> dd/10 | V11: =C11&"-"&E11 -> 1-10
A12: 11 | B12: 1 | C12: 1 | D12: 3 | E12: 11 | F12: 1 хонали | G12: 31.31 | H12: {=INDEX(Settings!$B$3:$B$7, D12)} -> 7300000 | I12: =G12*H12 -> 228563000 | J12: =I12*Settings!$B$2 -> 45712600 | K12: =I12-J12 -> 182850400 | L12: Sotildi | M12: Boxodirov Xasan Otabek o'g'li | R12: 904433033 | S12: 942727273 | T12: 46003 | U12: =TEXT(T12,"dd")&"/"&TEXT(E12,"00") -> dd/11 | V12: =C12&"-"&E12 -> 1-11 | W12: Amirova Gavhar
A13: 12 | B13: 1 | C13: 1 | D13: 3 | E13: 12 | F13: 1 хонали | G13: 29.04 | H13: {=INDEX(Settings!$B$3:$B$7, D13)} -> 7300000 | I13: =G13*H13 -> 211992000 | J13: =I13*Settings!$B$2 -> 42398400 | K13: =I13-J13 -> 169593600 | L13: Sotildi | M13: Azratqulova Dilobar Samad qizi | R13: 882817393 | S13: 882866993 | T13: 46017 | U13: =TEXT(T13,"dd")&"/"&TEXT(E13,"00") -> dd/12 | V13: =C13&"-"&E13 -> 1-12
A14: 13 | B14: 1 | C14: 1 | D14: 4 | E14: 13 | F14: 2 хонали | G14: 48.15 | H14: {=INDEX(Settings!$B$3:$B$7, D14)} -> 7000000 | I14: =G14*H14 -> 337050000 | J14: =I14*Settings!$B$2 -> 67410000 | K14: =I14-J14 -> 269640000 | L14: Sotildi | M14: Boynazarova Guzalxon Bektosh qizi | R14: 903299092 | S14: 916345260 | T14: 45943 | U14: =TEXT(T14,"dd")&"/"&TEXT(E14,"00") -> dd/13 | V14: =C14&"-"&E14 -> 1-13
A15: 14 | B15: 1 | C15: 1 | D15: 4 | E15: 14 | F15: 1 хонали | G15: 28.52 | H15: {=INDEX(Settings!$B$3:$B$7, D15)} -> 7000000 | I15: =G15*H15 -> 199640000 | J15: =I15*Settings!$B$2 -> 39928000 | K15: =I15-J15 -> 159712000 | L15: Sotildi | M15: Nasrullayeva Maftuna Farxod qizi | R15: 973810204 | T15: 45943 | U15: =TEXT(T15,"dd")&"/"&TEXT(E15,"00") -> dd/14 | V15: =C15&"-"&E15 -> 1-14
A16: 15 | B16: 1 | C16: 1 | D16: 4 | E16: 15 | F16: 1 хонали | G16: 31.31 | H16: {=INDEX(Settings!$B$3:$B$7, D16)} -> 7000000 | I16: =G16*H16 -> 219170000 | J16: =I16*Settings!$B$2 -> 43834000 | K16: =I16-J16 -> 175336000 | L16: Sotildi | M16: To'ychiyeva Matluba Ibodulla qizi | R16: 916374850 | T16: 45957 | U16: =TEXT(T16,"dd")&"/"&TEXT(E16,"00") -> dd/15 | V16: =C16&"-"&E16 -> 1-15
A17: 16 | B17: 1 | C17: 1 | D17: 4 | E17: 16 | F17: 1 хонали | G17: 29.04 | H17: {=INDEX(Settings!$B$3:$B$7, D17)} -> 7000000 | I17: =G17*H17 -> 203280000 | J17: =I17*Settings!$B$2 -> 40656000 | K17: =I17-J17 -> 162624000 | L17: Sotildi | M17: Neymatov Shuhrat Ilhom o'g'li | R17: 880347722 | T17: 45974 | U17: =TEXT(T17,"dd")&"/"&TEXT(E17,"00") -> dd/16 | V17: =C17&"-"&E17 -> 1-16
A18: 17 | B18: 1 | C18: 1 | D18: 5 | E18: 17 | F18: 2 хонали | G18: 48.15 | H18: 6700000 | I18: 322605000 | J18: 64521000 | K18: 258084000 | L18: Sotildi | M18: Gadoyev Muxlis Kucharovich | R18: 770483237 | T18: 45954 | U18: 30/17 | V18: 1-17 | W18: Sunnatillo Saidjonov | Z18: 1
A19: 18 | B19: 1 | C19: 1 | D19: 5 | E19: 18 | F19: 1 хонали | G19: 28.52 | H19: {=INDEX(Settings!$B$3:$B$7, D19)} -> 6700000 | I19: =G19*H19 -> 191084000 | J19: =I19*Settings!$B$2 -> 38216800 | K19: =I19-J19 -> 152867200 | L19: Sotildi | M19: Hazratova Iroda Hamroqulovna | R19: 880820690 | T19: 45952 | U19: =TEXT(T19,"dd")&"/"&TEXT(E19,"00") -> dd/18 | V19: =C19&"-"&E19 -> 1-18
A20: 19 | B20: 1 | C20: 1 | D20: 5 | E20: 19 | F20: 1 хонали | G20: 31.31 | H20: {=INDEX(Settings!$B$3:$B$7, D20)} -> 6700000 | I20: =G20*H20 -> 209777000 | J20: =I20*Settings!$B$2 -> 41955400 | K20: =I20-J20 -> 167821600 | L20: Sotildi | M20: Zoidova Aziza G'ulom qizi | R20: 504073155 | T20: 45994 | U20: =TEXT(T20,"dd")&"/"&TEXT(E20,"00") -> dd/19 | V20: =C20&"-"&E20 -> 1-19
A21: 20 | B21: 1 | C21: 1 | D21: 5 | E21: 20 | F21: 1 хонали | G21: 29.04 | H21: {=INDEX(Settings!$B$3:$B$7, D21)} -> 6700000 | I21: =G21*H21 -> 194568000 | J21: =I21*Settings!$B$2 -> 38913600 | K21: =I21-J21 -> 155654400 | L21: Sotildi | M21: Muhammadiyeva Charos Keldiyorovna | R21: 882800012 | T21: 45951 | U21: =TEXT(T21,"dd")&"/"&TEXT(E21,"00") -> dd/20 | V21: =C21&"-"&E21 -> 1-20
A22: 21 | B22: 1 | C22: 2 | D22: 1 | E22: 21 | F22: 2 хонали | G22: 48.15 | H22: {=INDEX(Settings!$B$3:$B$7, D22)} -> 7700000 | I22: =G22*H22 -> 370755000 | J22: =I22*Settings!$B$2 -> 74151000 | K22: =I22-J22 -> 296604000 | L22: Sotildi | M22: Urinov Sardor Komil o'g'li | R22: 943361708 | T22: 46048 | U22: =TEXT(T22,"dd")&"/"&TEXT(E22,"00") -> dd/21 | V22: =C22&"-"&E22 -> 2-21
A23: 22 | B23: 1 | C23: 2 | D23: 1 | E23: 22 | F23: 1 хонали | G23: 28.52 | H23: {=INDEX(Settings!$B$3:$B$7, D23)} -> 7700000 | I23: =G23*H23 -> 219604000 | J23: =I23*Settings!$B$2 -> 43920800 | K23: =I23-J23 -> 175683200 | L23: Sotildi | M23: Ruzimurodov Jamshid Quychi o'g'li | R23: 886182000 | T23: 46048 | U23: =TEXT(T23,"dd")&"/"&TEXT(E23,"00") -> dd/22 | V23: =C23&"-"&E23 -> 2-22 | W23: Amirova Gavhar
A24: 23 | B24: 1 | C24: 2 | D24: 1 | E24: 23 | F24: 1 хонали | G24: 31.31 | H24: {=INDEX(Settings!$B$3:$B$7, D24)} -> 7700000 | I24: =G24*H24 -> 241087000 | J24: =I24*Settings!$B$2 -> 48217400 | K24: =I24-J24 -> 192869600 | L24: Sotildi | M24: Quyliyev Shahzod Baxriddin o'g'li | R24: 9975896061 | T24: 46048 | U24: =TEXT(T24,"dd")&"/"&TEXT(E24,"00") -> dd/23 | V24: =C24&"-"&E24 -> 2-23 | W24: Amirova Gavhar
A25: 24 | B25: 1 | C25: 2 | D25: 1 | E25: 24 | F25: 1 хонали | G25: 29.04 | H25: {=INDEX(Settings!$B$3:$B$7, D25)} -> 7700000 | I25: =G25*H25 -> 223608000 | J25: =I25*Settings!$B$2 -> 44721600 | K25: =I25-J25 -> 178886400 | L25: Sotildi | M25: Eshnazarov Eldor Eshnazar o'g'li | R25: 889242026 | T25: 46048 | U25: =TEXT(T25,"dd")&"/"&TEXT(E25,"00") -> dd/24 | V25: =C25&"-"&E25 -> 2-24 | W25: Amirova Gavhar
A26: 25 | B26: 1 | C26: 2 | D26: 2 | E26: 25 | F26: 2 хонали | G26: 48.15 | H26: {=INDEX(Settings!$B$3:$B$7, D26)} -> 7800000 | I26: =G26*H26 -> 375570000 | J26: =I26*Settings!$B$2 -> 75114000 | K26: =I26-J26 -> 300456000 | L26: Sotildi | M26: Artiqova Lobaroy Komolovna | R26: 974777786 | S26: 990648728 | T26: 46008 | U26: =TEXT(T26,"dd")&"/"&TEXT(E26,"00") -> dd/25 | V26: =C26&"-"&E26 -> 2-25 | W26: Rahmatullayeva Sevinch
A27: 26 | B27: 1 | C27: 2 | D27: 2 | E27: 26 | F27: 1 хонали | G27: 28.52 | H27: {=INDEX(Settings!$B$3:$B$7, D27)} -> 7800000 | I27: =G27*H27 -> 222456000 | J27: =I27*Settings!$B$2 -> 44491200 | K27: =I27-J27 -> 177964800 | L27: Sotildi | M27: Haqberdiyeva Komila Xudoyberdiyevna | R27: 906661514 | S27: 900140384 | T27: 45924 | U27: =TEXT(T27,"dd")&"/"&TEXT(E27,"00") -> dd/26 | V27: =C27&"-"&E27 -> 2-26 | W27: Saidjonov Sunnatillo
A28: 27 | B28: 1 | C28: 2 | D28: 2 | E28: 27 | F28: 1 хонали | G28: 31.31 | H28: {=INDEX(Settings!$B$3:$B$7, D28)} -> 7800000 | I28: =G28*H28 -> 244218000 | J28: =I28*Settings!$B$2 -> 48843600 | K28: =I28-J28 -> 195374400 | L28: Sotildi | M28: Salomov Akmal Xoliqovich | R28: 996294189 | T28: 46034 | U28: =TEXT(T28,"dd")&"/"&TEXT(E28,"00") -> dd/27 | V28: =C28&"-"&E28 -> 2-27 | W28: Saidjonov Sunnatillo
A29: 28 | B29: 1 | C29: 2 | D29: 2 | E29: 28 | F29: 1 хонали | G29: 29.04 | H29: {=INDEX(Settings!$B$3:$B$7, D29)} -> 7800000 | I29: =G29*H29 -> 226512000 | J29: =I29*Settings!$B$2 -> 45302400 | K29: =I29-J29 -> 181209600 | L29: Sotildi | M29: Aliyeva Navruza Ziyodullayevna | R29: 996241899 | T29: 46034 | U29: =TEXT(T29,"dd")&"/"&TEXT(E29,"00") -> dd/28 | V29: =C29&"-"&E29 -> 2-28 | W29: Rahmatullayeva Sevinch
A30: 29 | B30: 1 | C30: 2 | D30: 3 | E30: 29 | F30: 2 хонали | G30: 48.15 | H30: {=INDEX(Settings!$B$3:$B$7, D30)} -> 7300000 | I30: =G30*H30 -> 351495000 | J30: =I30*Settings!$B$2 -> 70299000 | K30: =I30-J30 -> 281196000 | L30: Sotildi | M30: Saidjonova Yulduz Zarif qizi | R30: 888017977 | S30: 9971717977 | T30: 45924 | U30: =TEXT(T30,"dd")&"/"&TEXT(E30,"00") -> dd/29 | V30: =C30&"-"&E30 -> 2-29 | W30: Saidjonov Sunnatillo
A31: 30 | B31: 1 | C31: 2 | D31: 3 | E31: 30 | F31: 1 хонали | G31: 28.52 | H31: {=INDEX(Settings!$B$3:$B$7, D31)} -> 7300000 | I31: =G31*H31 -> 208196000 | J31: =I31*Settings!$B$2 -> 41639200 | K31: =I31-J31 -> 166556800 | L31: Sotildi | M31: Sadullayev Og'abek Otabek o'g'li | R31: 992999001 | S31: 997239001 | T31: 46000 | U31: =TEXT(T31,"dd")&"/"&TEXT(E31,"00") -> dd/30 | V31: =C31&"-"&E31 -> 2-30
A32: 31 | B32: 1 | C32: 2 | D32: 3 | E32: 31 | F32: 1 хонали | G32: 31.31 | H32: {=INDEX(Settings!$B$3:$B$7, D32)} -> 7300000 | I32: =G32*H32 -> 228563000 | J32: =I32*Settings!$B$2 -> 45712600 | K32: =I32-J32 -> 182850400 | L32: Sotildi | M32: Qulmatova Mu'tabar Jurayevna | R32: 976720483 | T32: 45929 | U32: =TEXT(T32,"dd")&"/"&TEXT(E32,"00") -> dd/31 | V32: =C32&"-"&E32 -> 2-31
A33: 32 | B33: 1 | C33: 2 | D33: 3 | E33: 32 | F33: 1 хонали | G33: 29.04 | H33: {=INDEX(Settings!$B$3:$B$7, D33)} -> 7300000 | I33: =G33*H33 -> 211992000 | J33: =I33*Settings!$B$2 -> 42398400 | K33: =I33-J33 -> 169593600 | L33: Sotildi | M33: Nabiyeva Shaxnoza Burxonovna | R33: 970831948 | T33: 46031 | U33: =TEXT(T33,"dd")&"/"&TEXT(E33,"00") -> dd/32 | V33: =C33&"-"&E33 -> 2-32
A34: 33 | B34: 1 | C34: 2 | D34: 4 | E34: 33 | F34: 2 хонали | G34: 48.15 | H34: {=INDEX(Settings!$B$3:$B$7, D34)} -> 7000000 | I34: =G34*H34 -> 337050000 | J34: =I34*Settings!$B$2 -> 67410000 | K34: =I34-J34 -> 269640000 | L34: Sotildi | M34: Ashurova Bobur Baxodir o'g'li | R34: 977233396 | T34: 45944 | U34: =TEXT(T34,"dd")&"/"&TEXT(E34,"00") -> dd/33 | V34: =C34&"-"&E34 -> 2-33
A35: 34 | B35: 1 | C35: 2 | D35: 4 | E35: 34 | F35: 1 хонали | G35: 28.52 | H35: {=INDEX(Settings!$B$3:$B$7, D35)} -> 7000000 | I35: =G35*H35 -> 199640000 | J35: =I35*Settings!$B$2 -> 39928000 | K35: =I35-J35 -> 159712000 | L35: Sotildi | M35: Turayeva Shaxlo Amirovna | R35: 906712577 | S35: 908821527 | T35: 45992 | U35: =TEXT(T35,"dd")&"/"&TEXT(E35,"00") -> dd/34 | V35: =C35&"-"&E35 -> 2-34
A36: 35 | B36: 1 | C36: 2 | D36: 4 | E36: 35 | F36: 1 хонали | G36: 31.31 | H36: {=INDEX(Settings!$B$3:$B$7, D36)} -> 7000000 | I36: =G36*H36 -> 219170000 | J36: =I36*Settings!$B$2 -> 43834000 | K36: =I36-J36 -> 175336000 | L36: Sotildi | M36: Qurbonova O'g'iloy Baxriddin qizi | R36: 970662728 | T36: 45926 | U36: =TEXT(T36,"dd")&"/"&TEXT(E36,"00") -> dd/35 | V36: =C36&"-"&E36 -> 2-35
A37: 36 | B37: 1 | C37: 2 | D37: 4 | E37: 36 | F37: 1 хонали | G37: 29.04 | H37: {=INDEX(Settings!$B$3:$B$7, D37)} -> 7000000 | I37: =G37*H37 -> 203280000 | J37: =I37*Settings!$B$2 -> 40656000 | K37: =I37-J37 -> 162624000 | L37: Sotildi | M37: Radjabova Zulayxo Narzikulovna | R37: 976317730 | S37: 883836077 | T37: 45966 | U37: =TEXT(T37,"dd")&"/"&TEXT(E37,"00") -> dd/36 | V37: =C37&"-"&E37 -> 2-36 | W37: Saidjonov Sunnatillo
A38: 37 | B38: 1 | C38: 2 | D38: 5 | E38: 37 | F38: 2 хонали | G38: 48.15 | H38: {=INDEX(Settings!$B$3:$B$7, D38)} -> 6700000 | I38: =G38*H38 -> 322605000 | J38: =I38*Settings!$B$2 -> 64521000 | K38: =I38-J38 -> 258084000 | L38: Sotildi | M38: Usmonov Sohib G'ayrat o'g'li | R38: 995076514 | S38: 908999109 | T38: 45950 | U38: =TEXT(T38,"dd")&"/"&TEXT(E38,"00") -> dd/37 | V38: =C38&"-"&E38 -> 2-37
A39: 38 | B39: 1 | C39: 2 | D39: 5 | E39: 38 | F39: 1 хонали | G39: 28.52 | H39: {=INDEX(Settings!$B$3:$B$7, D39)} -> 6700000 | I39: =G39*H39 -> 191084000 | J39: =I39*Settings!$B$2 -> 38216800 | K39: =I39-J39 -> 152867200 | L39: Sotildi | M39: Kamolov Lazizbek Ravshan ugl | R39: 914564852 | S39: 904280318 | T39: 45989 | U39: =TEXT(T39,"dd")&"/"&TEXT(E39,"00") -> dd/38 | V39: =C39&"-"&E39 -> 2-38
A40: 39 | B40: 1 | C40: 2 | D40: 5 | E40: 39 | F40: 1 хонали | G40: 31.31 | H40: {=INDEX(Settings!$B$3:$B$7, D40)} -> 6700000 | I40: =G40*H40 -> 209777000 | J40: =I40*Settings!$B$2 -> 41955400 | K40: =I40-J40 -> 167821600 | L40: Sotildi | M40: Mingboeva Dilrabo Abdurasul Qizi | R40: 873119555 | S40: 979509597 | T40: 45978 | U40: =TEXT(T40,"dd")&"/"&TEXT(E40,"00") -> dd/39 | V40: =C40&"-"&E40 -> 2-39
A41: 40 | B41: 1 | C41: 2 | D41: 5 | E41: 40 | F41: 1 хонали | G41: 29.04 | H41: {=INDEX(Settings!$B$3:$B$7, D41)} -> 6700000 | I41: =G41*H41 -> 194568000 | J41: =I41*Settings!$B$2 -> 38913600 | K41: =I41-J41 -> 155654400 | L41: Sotildi | M41: Marifova Mumina Ravshan qizi | R41: 973181492 | T41: 45965 | U41: =TEXT(T41,"dd")&"/"&TEXT(E41,"00") -> dd/40 | V41: =C41&"-"&E41 -> 2-40
A42: 41 | B42: 1 | C42: 3 | D42: 1 | E42: 41 | F42: 2 хонали | G42: 48.15 | H42: {=INDEX(Settings!$B$3:$B$7, D42)} -> 7700000 | I42: =G42*H42 -> 370755000 | J42: =I42*Settings!$B$2 -> 74151000 | K42: =I42-J42 -> 296604000 | L42: Sotildi | M42: Bekova Gulsin Muxammadeivna | R42: 914677702 | T42: 46099 | U42: =TEXT(T42,"dd")&"/"&TEXT(E42,"00") -> dd/41 | V42: =C42&"-"&E42 -> 3-41
A43: 42 | B43: 1 | C43: 3 | D43: 1 | E43: 42 | F43: 1 хонали | G43: 28.52 | H43: {=INDEX(Settings!$B$3:$B$7, D43)} -> 7700000 | I43: =G43*H43 -> 219604000 | J43: =I43*Settings!$B$2 -> 43920800 | K43: =I43-J43 -> 175683200 | L43: Sotildi | M43: Ҳамдамова Дилшода Қаҳрамон қизи | R43: 885899984 | T43: 46100 | U43: =TEXT(T43,"dd")&"/"&TEXT(E43,"00") -> dd/42 | V43: =C43&"-"&E43 -> 3-42
A44: 43 | B44: 1 | C44: 3 | D44: 1 | E44: 43 | F44: 1 хонали | G44: 31.31 | H44: {=INDEX(Settings!$B$3:$B$7, D44)} -> 7700000 | I44: =G44*H44 -> 241087000 | J44: =I44*Settings!$B$2 -> 48217400 | K44: =I44-J44 -> 192869600 | L44: Sotildi | M44: Misirov Baxtuyor Abdivasevich | R44: 942988005 | T44: 46065 | U44: =TEXT(T44,"dd")&"/"&TEXT(E44,"00") -> dd/43 | V44: =C44&"-"&E44 -> 3-43
A45: 44 | B45: 1 | C45: 3 | D45: 1 | E45: 44 | F45: 1 хонали | G45: 29.04 | H45: {=INDEX(Settings!$B$3:$B$7, D45)} -> 7700000 | I45: =G45*H45 -> 223608000 | J45: =I45*Settings!$B$2 -> 44721600 | K45: =I45-J45 -> 178886400 | L45: Sotildi | M45: Manonov Sherali Abdixalimovich | R45: 954951987 | T45: 46055 | U45: =TEXT(T45,"dd")&"/"&TEXT(E45,"00") -> dd/44 | V45: =C45&"-"&E45 -> 3-44
A46: 45 | B46: 1 | C46: 3 | D46: 2 | E46: 45 | F46: 2 хонали | G46: 48.15 | H46: {=INDEX(Settings!$B$3:$B$7, D46)} -> 7800000 | I46: =G46*H46 -> 375570000 | J46: =I46*Settings!$B$2 -> 75114000 | K46: =I46-J46 -> 300456000 | L46: Sotildi | M46: Yusupuva Nargiza Dilshod qizi | R46: 970587020 | S46: 970140802 | T46: 45961 | U46: =TEXT(T46,"dd")&"/"&TEXT(E46,"00") -> dd/45 | V46: =C46&"-"&E46 -> 3-45
A47: 46 | B47: 1 | C47: 3 | D47: 2 | E47: 46 | F47: 1 хонали | G47: 28.52 | H47: {=INDEX(Settings!$B$3:$B$7, D47)} -> 7800000 | I47: =G47*H47 -> 222456000 | J47: =I47*Settings!$B$2 -> 44491200 | K47: =I47-J47 -> 177964800 | L47: Sotildi | M47: Sharopova Dilfuza Orziqulqizi | R47: 916388086 | T47: 46051 | U47: =TEXT(T47,"dd")&"/"&TEXT(E47,"00") -> dd/46 | V47: =C47&"-"&E47 -> 3-46
A48: 47 | B48: 1 | C48: 3 | D48: 2 | E48: 47 | F48: 1 хонали | G48: 31.31 | H48: {=INDEX(Settings!$B$3:$B$7, D48)} -> 7800000 | I48: =G48*H48 -> 244218000 | J48: =I48*Settings!$B$2 -> 48843600 | K48: =I48-J48 -> 195374400 | L48: Sotildi | M48: Tlyayova Nilufar Tursunovna | R48: 908800902 | S48: 943259003 | T48: 46035 | U48: =TEXT(T48,"dd")&"/"&TEXT(E48,"00") -> dd/47 | V48: =C48&"-"&E48 -> 3-47
A49: 48 | B49: 1 | C49: 3 | D49: 2 | E49: 48 | F49: 1 хонали | G49: 29.04 | H49: {=INDEX(Settings!$B$3:$B$7, D49)} -> 7800000 | I49: =G49*H49 -> 226512000 | J49: =I49*Settings!$B$2 -> 45302400 | K49: =I49-J49 -> 181209600 | L49: Sotildi | M49: Mansurov Mexrojbek Maqsud ugli | R49: 995810222 | S49: 884972028 | T49: 45964 | U49: =TEXT(T49,"dd")&"/"&TEXT(E49,"00") -> dd/48 | V49: =C49&"-"&E49 -> 3-48
A50: 49 | B50: 1 | C50: 3 | D50: 3 | E50: 49 | F50: 2 хонали | G50: 48.15 | H50: {=INDEX(Settings!$B$3:$B$7, D50)} -> 7300000 | I50: =G50*H50 -> 351495000 | J50: =I50*Settings!$B$2 -> 70299000 | K50: =I50-J50 -> 281196000 | L50: Sotildi | M50: Komilova Feruza Negmatjonova | R50: 912622379 | T50: 45933 | U50: =TEXT(T50,"dd")&"/"&TEXT(E50,"00") -> dd/49 | V50: =C50&"-"&E50 -> 3-49
A51: 50 | B51: 1 | C51: 3 | D51: 3 | E51: 50 | F51: 1 хонали | G51: 28.52 | H51: {=INDEX(Settings!$B$3:$B$7, D51)} -> 7300000 | I51: =G51*H51 -> 208196000 | J51: =I51*Settings!$B$2 -> 41639200 | K51: =I51-J51 -> 166556800 | L51: Sotildi | M51: Maxmadiyeva Manzura Absamieva | R51: 881100381 | T51: 45959 | U51: =TEXT(T51,"dd")&"/"&TEXT(E51,"00") -> dd/50 | V51: =C51&"-"&E51 -> 3-50
A52: 51 | B52: 1 | C52: 3 | D52: 3 | E52: 51 | F52: 1 хонали | G52: 31.31 | H52: {=INDEX(Settings!$B$3:$B$7, D52)} -> 7300000 | I52: =G52*H52 -> 228563000 | J52: =I52*Settings!$B$2 -> 45712600 | K52: =I52-J52 -> 182850400 | L52: Sotildi | M52: Xurramova Shaxriniso Sattorova | R52: 978887374 | S52: 937276121 | T52: 45951 | U52: =TEXT(T52,"dd")&"/"&TEXT(E52,"00") -> dd/51 | V52: =C52&"-"&E52 -> 3-51
A53: 52 | B53: 1 | C53: 3 | D53: 3 | E53: 52 | F53: 1 хонали | G53: 29.04 | H53: {=INDEX(Settings!$B$3:$B$7, D53)} -> 7300000 | I53: =G53*H53 -> 211992000 | J53: =I53*Settings!$B$2 -> 42398400 | K53: =I53-J53 -> 169593600 | L53: Sotildi | M53: Abdusamadova Mushtariybonu abdixoshim qizi | T53: 45952 | U53: =TEXT(T53,"dd")&"/"&TEXT(E53,"00") -> dd/52 | V53: =C53&"-"&E53 -> 3-52
A54: 53 | B54: 1 | C54: 3 | D54: 4 | E54: 53 | F54: 2 хонали | G54: 48.15 | H54: {=INDEX(Settings!$B$3:$B$7, D54)} -> 7000000 | I54: =G54*H54 -> 337050000 | J54: =I54*Settings!$B$2 -> 67410000 | K54: =I54-J54 -> 269640000 | L54: Sotildi | M54: Quchqorov Qurbontosh Usarovna | R54: 885895883 | S54: 974057300 | T54: 45950 | U54: =TEXT(T54,"dd")&"/"&TEXT(E54,"00") -> dd/53 | V54: =C54&"-"&E54 -> 3-53
A55: 54 | B55: 1 | C55: 3 | D55: 4 | E55: 54 | F55: 1 хонали | G55: 28.52 | H55: {=INDEX(Settings!$B$3:$B$7, D55)} -> 7000000 | I55: =G55*H55 -> 199640000 | J55: =I55*Settings!$B$2 -> 39928000 | K55: =I55-J55 -> 159712000 | L55: Sotildi | M55: Ashirova Charos Narimonovna | R55: 906082489 | T55: 45957 | U55: =TEXT(T55,"dd")&"/"&TEXT(E55,"00") -> dd/54 | V55: =C55&"-"&E55 -> 3-54
A56: 55 | B56: 1 | C56: 3 | D56: 4 | E56: 55 | F56: 1 хонали | G56: 31.31 | H56: {=INDEX(Settings!$B$3:$B$7, D56)} -> 7000000 | I56: =G56*H56 -> 219170000 | J56: =I56*Settings!$B$2 -> 43834000 | K56: =I56-J56 -> 175336000 | L56: Sotildi | M56: Ochilova Soxiba Sultanovna | R56: 911040575 | S56: 970662101 | T56: 46030 | U56: =TEXT(T56,"dd")&"/"&TEXT(E56,"00") -> dd/55 | V56: =C56&"-"&E56 -> 3-55
A57: 56 | B57: 1 | C57: 3 | D57: 4 | E57: 56 | F57: 1 хонали | G57: 29.04 | H57: {=INDEX(Settings!$B$3:$B$7, D57)} -> 7000000 | I57: =G57*H57 -> 203280000 | J57: =I57*Settings!$B$2 -> 40656000 | K57: =I57-J57 -> 162624000 | L57: Sotildi | M57: Xidirova Gulnora Toshpulatovna | T57: 45960 | U57: =TEXT(T57,"dd")&"/"&TEXT(E57,"00") -> dd/56 | V57: =C57&"-"&E57 -> 3-56
A58: 57 | B58: 1 | C58: 3 | D58: 5 | E58: 57 | F58: 2 хонали | G58: 48.15 | H58: {=INDEX(Settings!$B$3:$B$7, D58)} -> 6700000 | I58: =G58*H58 -> 322605000 | J58: =I58*Settings!$B$2 -> 64521000 | K58: =I58-J58 -> 258084000 | L58: Sotildi | M58: Asatillaev Shoxux Asqarjon ugli | T58: 45973 | U58: =TEXT(T58,"dd")&"/"&TEXT(E58,"00") -> dd/57 | V58: =C58&"-"&E58 -> 3-57
A59: 58 | B59: 1 | C59: 3 | D59: 5 | E59: 58 | F59: 1 хонали | G59: 28.52 | H59: {=INDEX(Settings!$B$3:$B$7, D59)} -> 6700000 | I59: =G59*H59 -> 191084000 | J59: =I59*Settings!$B$2 -> 38216800 | K59: =I59-J59 -> 152867200 | L59: Sotildi | M59: Dustov Elbek Nasrullaevich | T59: 45926 | U59: =TEXT(T59,"dd")&"/"&TEXT(E59,"00") -> dd/58 | V59: =C59&"-"&E59 -> 3-58
A60: 59 | B60: 1 | C60: 3 | D60: 5 | E60: 59 | F60: 1 хонали | G60: 31.31 | H60: {=INDEX(Settings!$B$3:$B$7, D60)} -> 6700000 | I60: =G60*H60 -> 209777000 | J60: =I60*Settings!$B$2 -> 41955400 | K60: =I60-J60 -> 167821600 | L60: Sotildi | M60: Karimov Shuxrat Shukrullo ugli | T60: 45947 | U60: =TEXT(T60,"dd")&"/"&TEXT(E60,"00") -> dd/59 | V60: =C60&"-"&E60 -> 3-59
A61: 60 | B61: 1 | C61: 3 | D61: 5 | E61: 60 | F61: 1 хонали | G61: 29.04 | H61: {=INDEX(Settings!$B$3:$B$7, D61)} -> 6700000 | I61: =G61*H61 -> 194568000 | J61: =I61*Settings!$B$2 -> 38913600 | K61: =I61-J61 -> 155654400 | L61: Sotildi | M61: Farxodiy Dildora Ulugbekovna | T61: 45944 | U61: =TEXT(T61,"dd")&"/"&TEXT(E61,"00") -> dd/60 | V61: =C61&"-"&E61 -> 3-60
A62: 61 | B62: 1 | C62: 4 | D62: 1 | E62: 61 | F62: 2 хонали | G62: 48.15 | H62: 7700000 | I62: 370755000 | J62: 74151000 | K62: 296604000 | L62: Sotildi | M62: Нурматова Шоҳида Зулхон қизи | N62: Қашқадарё вилояти Китоб тумани Чармгар МФЙ Камолот кўчаси | O62: AD8996425 | P62: KITOB TUMAN IIV10232 | Q62: 45579 | R62: 973865252 | S62: 973865252 | T62: 46190 | U62: 30/61 | V62: 4-61 | W62: Saidjonov Sunnatillo
A63: 62 | B63: 1 | C63: 4 | D63: 1 | E63: 62 | F63: 1 хонали | G63: 28.52 | H63: {=INDEX(Settings!$B$3:$B$7, D63)} -> 7700000 | I63: =G63*H63 -> 219604000 | J63: =I63*Settings!$B$2 -> 43920800 | K63: =I63-J63 -> 175683200 | L63: Sotildi | M63: Gadoeva Maxbuba Salimovna | T63: 46055 | U63: =TEXT(T63,"dd")&"/"&TEXT(E63,"00") -> dd/62 | V63: =C63&"-"&E63 -> 4-62
A64: 63 | B64: 1 | C64: 4 | D64: 1 | E64: 63 | F64: 1 хонали | G64: 31.31 | H64: {=INDEX(Settings!$B$3:$B$7, D64)} -> 7700000 | I64: =G64*H64 -> 241087000 | J64: =I64*Settings!$B$2 -> 48217400 | K64: =I64-J64 -> 192869600 | L64: Sotildi | M64: Sherova Dilafruz Mirzaevna | T64: 46080 | U64: =TEXT(T64,"dd")&"/"&TEXT(E64,"00") -> dd/63 | V64: =C64&"-"&E64 -> 4-63
A65: 64 | B65: 1 | C65: 4 | D65: 1 | E65: 64 | F65: 1 хонали | G65: 29.04 | H65: {=INDEX(Settings!$B$3:$B$7, D65)} -> 7700000 | I65: =G65*H65 -> 223608000 | J65: =I65*Settings!$B$2 -> 44721600 | K65: =I65-J65 -> 178886400 | L65: Sotildi | M65: Turdialiyeva Nigina Baxtiyorovna | T65: 46094 | U65: =TEXT(T65,"dd")&"/"&TEXT(E65,"00") -> dd/64 | V65: =C65&"-"&E65 -> 4-64
A66: 65 | B66: 1 | C66: 4 | D66: 2 | E66: 65 | F66: 2 хонали | G66: 48.15 | H66: {=INDEX(Settings!$B$3:$B$7, D66)} -> 7800000 | I66: =G66*H66 -> 375570000 | J66: =I66*Settings!$B$2 -> 75114000 | K66: =I66-J66 -> 300456000 | L66: Sotildi | M66: Sulaymonov Sobirxon Salimjon ugli | T66: 46095 | U66: =TEXT(T66,"dd")&"/"&TEXT(E66,"00") -> dd/65 | V66: =C66&"-"&E66 -> 4-65
A67: 66 | B67: 1 | C67: 4 | D67: 2 | E67: 66 | F67: 1 хонали | G67: 28.52 | H67: {=INDEX(Settings!$B$3:$B$7, D67)} -> 7800000 | I67: =G67*H67 -> 222456000 | J67: =I67*Settings!$B$2 -> 44491200 | K67: =I67-J67 -> 177964800 | L67: Sotildi | M67: Mansurov Abdullajon Sirojiddin ugli | T67: 46070 | U67: =TEXT(T67,"dd")&"/"&TEXT(E67,"00") -> dd/66 | V67: =C67&"-"&E67 -> 4-66
A68: 67 | B68: 1 | C68: 4 | D68: 2 | E68: 67 | F68: 1 хонали | G68: 31.31 | H68: {=INDEX(Settings!$B$3:$B$7, D68)} -> 7800000 | I68: =G68*H68 -> 244218000 | J68: =I68*Settings!$B$2 -> 48843600 | K68: =I68-J68 -> 195374400 | L68: Sotildi | M68: Xamraeva Kumush Uktam qizi | T68: 46050 | U68: =TEXT(T68,"dd")&"/"&TEXT(E68,"00") -> dd/67 | V68: =C68&"-"&E68 -> 4-67
A69: 68 | B69: 1 | C69: 4 | D69: 2 | E69: 68 | F69: 1 хонали | G69: 29.04 | H69: {=INDEX(Settings!$B$3:$B$7, D69)} -> 7800000 | I69: =G69*H69 -> 226512000 | J69: =I69*Settings!$B$2 -> 45302400 | K69: =I69-J69 -> 181209600 | L69: Sotildi | M69: Usmonova Sarvinoz Arslonovna | T69: 46071 | U69: =TEXT(T69,"dd")&"/"&TEXT(E69,"00") -> dd/68 | V69: =C69&"-"&E69 -> 4-68
A70: 69 | B70: 1 | C70: 4 | D70: 3 | E70: 69 | F70: 2 хонали | G70: 48.15 | H70: {=INDEX(Settings!$B$3:$B$7, D70)} -> 7300000 | I70: =G70*H70 -> 351495000 | J70: =I70*Settings!$B$2 -> 70299000 | K70: =I70-J70 -> 281196000 | L70: Sotildi | M70: Gafforova Firuza Akram qizi | T70: 46016 | U70: =TEXT(T70,"dd")&"/"&TEXT(E70,"00") -> dd/69 | V70: =C70&"-"&E70 -> 4-69
A71: 70 | B71: 1 | C71: 4 | D71: 3 | E71: 70 | F71: 1 хонали | G71: 28.52 | H71: {=INDEX(Settings!$B$3:$B$7, D71)} -> 7300000 | I71: =G71*H71 -> 208196000 | J71: =I71*Settings!$B$2 -> 41639200 | K71: =I71-J71 -> 166556800 | L71: Sotildi | M71: Xolmatov Muzaffar Raxmonqulivich | T71: 46035 | U71: =TEXT(T71,"dd")&"/"&TEXT(E71,"00") -> dd/70 | V71: =C71&"-"&E71 -> 4-70
A72: 71 | B72: 1 | C72: 4 | D72: 3 | E72: 71 | F72: 1 хонали | G72: 31.31 | H72: {=INDEX(Settings!$B$3:$B$7, D72)} -> 7300000 | I72: =G72*H72 -> 228563000 | J72: =I72*Settings!$B$2 -> 45712600 | K72: =I72-J72 -> 182850400 | L72: Sotildi | M72: Rajabova Dilsuz Abdurasul qizi | T72: 46006 | U72: =TEXT(T72,"dd")&"/"&TEXT(E72,"00") -> dd/71 | V72: =C72&"-"&E72 -> 4-71
A73: 72 | B73: 1 | C73: 4 | D73: 3 | E73: 72 | F73: 1 хонали | G73: 29.04 | H73: {=INDEX(Settings!$B$3:$B$7, D73)} -> 7300000 | I73: =G73*H73 -> 211992000 | J73: =I73*Settings!$B$2 -> 42398400 | K73: =I73-J73 -> 169593600 | L73: Sotildi | M73: Ganeiva Fayoza Xakimovna | T73: 46006 | U73: =TEXT(T73,"dd")&"/"&TEXT(E73,"00") -> dd/72 | V73: =C73&"-"&E73 -> 4-72
A74: 73 | B74: 1 | C74: 4 | D74: 4 | E74: 73 | F74: 2 хонали | G74: 48.15 | H74: {=INDEX(Settings!$B$3:$B$7, D74)} -> 7000000 | I74: =G74*H74 -> 337050000 | J74: =I74*Settings!$B$2 -> 67410000 | K74: =I74-J74 -> 269640000 | L74: Sotildi | M74: Ochilov Abdimajid murtoz ugli | T74: 45953 | U74: =TEXT(T74,"dd")&"/"&TEXT(E74,"00") -> dd/73 | V74: =C74&"-"&E74 -> 4-73
... A81: 80 | B81: 1 | C81: 4 | D81: 5 | E81: 80 | F81: 1 хонали | G81: 29.04 | H81: {=INDEX(Settings!$B$3:$B$7, D81)} -> 6700000 | I81: =G81*H81 -> 194568000 | J81: =I81*Settings!$B$2 -> 38913600 | K81: =I81-J81 -> 155654400 | L81: Sotildi | M81: Qudratov Sunnatillo Hazratovich | T81: 45967 | U81: =TEXT(T81,"dd")&"/"&TEXT(E81,"00") -> dd/80 | V81: =C81&"-"&E81 -> 4-80
A82: 81 | B82: 2 | C82: 1 | D82: 1 | E82: 1 | F82: 2 хонали | G82: 49.35 | H82: 7700000 | I82: 379995000 | J82: 75999000 | K82: 303996000 | L82: Sotildi | M82: Ражабова Дилноза Юсуповна | N82: Қашқадарё вилояти Китоб тумани Шарқ юлдузи МФЙ Чинорзор 294 | O82: АВ9381602 | P82: Китоб тумани | Q82: 43211 | R82: 973183311 | S82: 951123311 | T82: 46132 | U82: 46052 | V82: 46023 | W82: Amirova Gavhar
A83: 82 | B83: 2 | C83: 1 | D83: 1 | E83: 2 | F83: 2 хонали | G83: 46.16 | H83: 7700000 | I83: 355432000 | J83: 71086400 | K83: 284345600 | L83: Band | M83: Ochilov Iskandar | R83: 97198515 | T83: 46190 | U83: 30/02 | V83: 46054 | W83: Amirova Gavhar | Y83: 04.07.2026
A84: 83 | B84: 2 | C84: 1 | D84: 1 | E84: 3 | F84: 2 хонали | G84: 49.35 | H84: {=INDEX(Settings!$B$3:$B$7, D84)} -> 7700000 | I84: =G84*H84 -> 379995000 | J84: =I84*Settings!$B$2 -> 75999000 | K84: =I84-J84 -> 303996000 | L84: Sotildi | M84: nilufar opa ayalari nomiga | U84: =TEXT(T84,"dd")&"/"&TEXT(E84,"00") -> dd/03 | V84: =C84&"-"&E84 -> 1-3
A85: 84 | B85: 2 | C85: 1 | D85: 2 | E85: 4 | F85: 2 хонали | G85: 49.35 | H85: 7800000 | I85: 384930000 | J85: =I85*Settings!$B$2 -> 76986000 | K85: =I85-J85 -> 307944000 | L85: Sotildi | M85: Buriyev Muhammad Ali | U85: =TEXT(T85,"dd")&"/"&TEXT(E85,"00") -> dd/04 | V85: =C85&"-"&E85 -> 1-4
A86: 85 | B86: 2 | C86: 1 | D86: 2 | E86: 5 | F86: 2 хонали | G86: 46.16 | H86: 7800000 | I86: 360048000 | J86: 72009600 | K86: 288038400 | L86: Sotildi | M86: Raximov Bazarali 19-20 aprel notarius | R86: 976343802 | U86: 46172 | V86: 46143 | W86: Amirova Gavhar | Y86: 20.04.2026
A87: 86 | B87: 2 | C87: 1 | D87: 2 | E87: 6 | F87: 2 хонали | G87: 49.35 | H87: {=INDEX(Settings!$B$3:$B$7, D87)} -> 7800000 | I87: =G87*H87 -> 384930000 | J87: =I87*Settings!$B$2 -> 76986000 | K87: =I87-J87 -> 307944000 | L87: Sotildi | M87: Ботирова Азиза Собир қизи | U87: =TEXT(T87,"dd")&"/"&TEXT(E87,"00") -> dd/06 | V87: =C87&"-"&E87 -> 1-6
A88: 87 | B88: 2 | C88: 1 | D88: 3 | E88: 7 | F88: 2 хонали | G88: 49.35 | H88: {=INDEX(Settings!$B$3:$B$7, D88)} -> 7300000 | I88: =G88*H88 -> 360255000 | J88: =I88*Settings!$B$2 -> 72051000 | K88: =I88-J88 -> 288204000 | L88: Sotildi | M88: Муродова Маруса Файзуллаевна | U88: =TEXT(T88,"dd")&"/"&TEXT(E88,"00") -> dd/07 | V88: =C88&"-"&E88 -> 1-7
A89: 88 | B89: 2 | C89: 1 | D89: 3 | E89: 8 | F89: 2 хонали | G89: 46.16 | H89: {=INDEX(Settings!$B$3:$B$7, D89)} -> 7300000 | I89: =G89*H89 -> 336968000 | J89: =I89*Settings!$B$2 -> 67393600 | K89: =I89-J89 -> 269574400 | L89: Sotildi | M89: Зарипова Шалола Шерзод қизи | N89: Қашқадарё вилояти Китоб тумани Панжи МФЙ Юқориоқбой қишлоғи | O89: "AB"7165999 | P89: KITOB TUMANI IIB | Q89: 42924 | R89: 882087222 | S89: 887605002 | T89: 46104 | U89: =TEXT(T89,"dd")&"/"&TEXT(E89,"00") -> dd/08 | V89: =C89&"-"&E89 -> 1-8
A90: 89 | B90: 2 | C90: 1 | D90: 3 | E90: 9 | F90: 2 хонали | G90: 49.35 | H90: {=INDEX(Settings!$B$3:$B$7, D90)} -> 7300000 | I90: =G90*H90 -> 360255000 | J90: =I90*Settings!$B$2 -> 72051000 | K90: =I90-J90 -> 288204000 | L90: Sotildi | M90: Тоштимирова Диляра Фозил қизи | N90: Қашқадарё вилояти Китоб тумани | O90: "AB"8469168 | P90: Kasbi tuman IIB | Q90: 43097 | T90: 46105 | U90: =TEXT(T90,"dd")&"/"&TEXT(E90,"00") -> dd/09 | V90: =C90&"-"&E90 -> 1-9
A91: 90 | B91: 2 | C91: 1 | D91: 4 | E91: 10 | F91: 2 хонали | G91: 49.35 | H91: {=INDEX(Settings!$B$3:$B$7, D91)} -> 7000000 | I91: =G91*H91 -> 345450000 | J91: =I91*Settings!$B$2 -> 69090000 | K91: =I91-J91 -> 276360000 | L91: Sotildi | M91: Ziyodullayev Iso | R91: 950488977 | U91: =TEXT(T91,"dd")&"/"&TEXT(E91,"00") -> dd/10 | V91: =C91&"-"&E91 -> 1-10
A92: 91 | B92: 2 | C92: 1 | D92: 4 | E92: 11 | F92: 2 хонали | G92: 46.16 | H92: {=INDEX(Settings!$B$3:$B$7, D92)} -> 7000000 | I92: =G92*H92 -> 323120000 | J92: =I92*Settings!$B$2 -> 64624000 | K92: =I92-J92 -> 258496000 | L92: Sotildi | M92: Баратова Зибинисо Мансуровна | U92: =TEXT(T92,"dd")&"/"&TEXT(E92,"00") -> dd/11 | V92: =C92&"-"&E92 -> 1-11
A93: 92 | B93: 2 | C93: 1 | D93: 4 | E93: 12 | F93: 2 хонали | G93: 49.35 | H93: {=INDEX(Settings!$B$3:$B$7, D93)} -> 7000000 | I93: =G93*H93 -> 345450000 | J93: =I93*Settings!$B$2 -> 69090000 | K93: =I93-J93 -> 276360000 | L93: Sotildi | M93: Мухторова Висола Ғайбулло қизи | U93: =TEXT(T93,"dd")&"/"&TEXT(E93,"00") -> dd/12 | V93: =C93&"-"&E93 -> 1-12
A94: 93 | B94: 2 | C94: 1 | D94: 5 | E94: 13 | F94: 2 хонали | G94: 49.35 | H94: 6700000 | I94: 330645000 | J94: 66129000 | K94: 264516000 | L94: Bo'sh | T94: 46177
A95: 94 | B95: 2 | C95: 1 | D95: 5 | E95: 14 | F95: 2 хонали | G95: 46.16 | H95: {=INDEX(Settings!$B$3:$B$7, D95)} -> 6700000 | I95: =G95*H95 -> 309272000 | J95: =I95*Settings!$B$2 -> 61854400 | K95: =I95-J95 -> 247417600 | L95: Sotildi | M95: Бердиев Рустам Абдивали ўғли | U95: =TEXT(T95,"dd")&"/"&TEXT(E95,"00") -> dd/14 | V95: =C95&"-"&E95 -> 1-14
A96: 95 | B96: 2 | C96: 1 | D96: 5 | E96: 15 | F96: 2 хонали | G96: 49.35 | H96: 6700000 | I96: 330645000 | J96: 66129000 | K96: 264516000 | L96: Shartnoma | M96: Норов Алишер Норович | N96: Қашқадарё вилояти Китоб тумани Искана МФЙ Искана қишлоғи 197 уй | O96: AD1488644 | P96: Россия Федератсияси | Q96: 23.062022 | R96: 920820753 | S96: 904410754 | T96: 46146 | U96: 30/15 | V96: 1-15 | W96: Amirova Gavhar
A97: 96 | B97: 2 | C97: 2 | D97: 1 | E97: 16 | F97: 2 хонали | G97: 49.35 | H97: 7700000 | I97: 379995000 | J97: 75999000 | K97: 303996000 | L97: Sotildi | M97: Тўйчиева Дилдора Ғуломжон қизи | N97: Қашқадарё вилояти Ғузор тумани Хужагузар МФЙ Навои кучаси 45 уй | O97: AD0853029 | P97: G`uzor Tumani | Q97: 44525 | R97: +998916367007 | T97: 46206 | U97: 30/16 | V97: 2-16 | W97: Saidjonov Sunnatillo
A98: 97 | B98: 2 | C98: 2 | D98: 1 | E98: 17 | F98: 2 хонали | G98: 46.16 | H98: 7700000 | I98: 355432000 | J98: 71086400 | K98: 284345600 | L98: Bo'sh | U98: 30/17 | V98: 2-17
A99: 98 | B99: 2 | C99: 2 | D99: 1 | E99: 18 | F99: 2 хонали | G99: 49.35 | H99: 7700000 | I99: 379995000 | J99: 75999000 | K99: 303996000 | L99: Sotildi | M99: Feruza opa | U99: 30/18 | V99: 2-18 | W99: Abdivoitov Mansur | Y99: 16.04.2026
A100: 99 | B100: 2 | C100: 2 | D100: 2 | E100: 19 | F100: 2 хонали | G100: 49.35 | H100: {=INDEX(Settings!$B$3:$B$7, D100)} -> 7800000 | I100: =G100*H100 -> 384930000 | J100: =I100*Settings!$B$2 -> 76986000 | K100: =I100-J100 -> 307944000 | L100: Sotildi | M100: Қилочов Шухрат Илхомивич | U100: =TEXT(T100,"dd")&"/"&TEXT(E100,"00") -> dd/19 | V100: =C100&"-"&E100 -> 2-19
A101: 100 | B101: 2 | C101: 2 | D101: 2 | E101: 20 | F101: 2 хонали | G101: 46.16 | H101: {=INDEX(Settings!$B$3:$B$7, D101)} -> 7800000 | I101: =G101*H101 -> 360048000 | J101: =I101*Settings!$B$2 -> 72009600 | K101: =I101-J101 -> 288038400 | L101: Sotildi | M101: Сайдинов Шавқиддин | N101: Қашқадарё вилояти Китоб тумани Қайнар МФЙ Қайнарбулоқ 39-уй | O101: АD3399587 | P101: Китоб тумани ИИВ | Q101: 45069 | R101: 95 849 09 99 | S101: 90 721 97 19 | T101: 46112 | U101: =TEXT(T101,"dd")&"/"&TEXT(E101,"00") -> dd/20 | V101: =C101&"-"&E101 -> 2-20
A102: 101 | B102: 2 | C102: 2 | D102: 2 | E102: 21 | F102: 2 хонали | G102: 49.35 | H102: {=INDEX(Settings!$B$3:$B$7, D102)} -> 7800000 | I102: =G102*H102 -> 384930000 | J102: =I102*Settings!$B$2 -> 76986000 | K102: =I102-J102 -> 307944000 | L102: Sotildi | M102: Юсупов Зуфар Отамурод уғли | N102: Қашқадарё вилояти Китоб тумани Шуробсой МФЙ Бошчил кучаси 111-уй | O102: AB4933128 | P102: Китоб тумани ИИВ | Q102: 42618 | R102: 883101234 | S102: 997428913 | T102: 46113 | U102: =TEXT(T102,"dd")&"/"&TEXT(E102,"00") -> dd/21 | V102: =C102&"-"&E102 -> 2-21
A103: 102 | B103: 2 | C103: 2 | D103: 3 | E103: 22 | F103: 2 хонали | G103: 49.35 | H103: {=INDEX(Settings!$B$3:$B$7, D103)} -> 7300000 | I103: =G103*H103 -> 360255000 | J103: =I103*Settings!$B$2 -> 72051000 | K103: =I103-J103 -> 288204000 | L103: Sotildi | M103: Озодов Умрзоқ Райим ўғли | U103: =TEXT(T103,"dd")&"/"&TEXT(E103,"00") -> dd/22 | V103: =C103&"-"&E103 -> 2-22
A104: 103 | B104: 2 | C104: 2 | D104: 3 | E104: 23 | F104: 2 хонали | G104: 46.16 | H104: {=INDEX(Settings!$B$3:$B$7, D104)} -> 7300000 | I104: =G104*H104 -> 336968000 | J104: =I104*Settings!$B$2 -> 67393600 | K104: =I104-J104 -> 269574400 | L104: Sotildi | M104: Ашурова Хуршида Тошпулатовна | U104: =TEXT(T104,"dd")&"/"&TEXT(E104,"00") -> dd/23 | V104: =C104&"-"&E104 -> 2-23
A105: 104 | B105: 2 | C105: 2 | D105: 3 | E105: 24 | F105: 2 хонали | G105: 49.35 | H105: {=INDEX(Settings!$B$3:$B$7, D105)} -> 7300000 | I105: =G105*H105 -> 360255000 | J105: =I105*Settings!$B$2 -> 72051000 | K105: =I105-J105 -> 288204000 | L105: Sotildi | M105: Султонов Фахриддин Рустамович | U105: =TEXT(T105,"dd")&"/"&TEXT(E105,"00") -> dd/24 | V105: =C105&"-"&E105 -> 2-24
A106: 105 | B106: 2 | C106: 2 | D106: 4 | E106: 25 | F106: 2 хонали | G106: 49.35 | H106: {=INDEX(Settings!$B$3:$B$7, D106)} -> 7000000 | I106: =G106*H106 -> 345450000 | J106: =I106*Settings!$B$2 -> 69090000 | K106: =I106-J106 -> 276360000 | L106: Sotildi | M106: Юсупова Матлуба Акбаровна | N106: Қашқадарё вилояти Китоб тумани Алақуйлиқ МФЙ Зоминлик кучаси 119-уй | O106: AE2744637 | P106: Kitob tuman IIV | Q106: 45797 | R106: 907160858 | S106: 908964847 | T106: 46108 | U106: =TEXT(T106,"dd")&"/"&TEXT(E106,"00") -> dd/25 | V106: =C106&"-"&E106 -> 2-25
...

Sheet Users
A1: Login | B1: Parol | C1: Rol | D1: To'liq F.I.Sh | E1: Telegram ID
A2: Saidjonov_Sunnatillo | B2: S19991226 | C2: Admin | D2: Saidjonov Sunnatillo
A3: Abdivoitov_Mansur | B3: 770147747 | C3: Sotuv Menejeri | D3: Abdivoitov Mansur | E3: 8136738818
A4: Amirova_Gavhar | B4: 770167747 | C4: Sotuv Menejeri | D4: Amirova Gavhar | E4: 5701866738
A5: Amirova_Farinoz | B5: F0111 | C5: Mobilogrof & Aloqa operator | D5: Amirova Farinoz
A6: Rahmatullayeva_Sevinch | B6: 772667747 | C6: Sotuv Menejeri | D6: Amirova Farinoz | E6: 8429865179
A7: Alisher_Samadov | B7: A3538 | C7: Derektor | D7: Samadov Alisher

Sheet Settings
A1: FAYZLI XONADONLAR - 2-BINO TIZIMI
A2: Boshlang'ich to'lov ulushi | B2: 0.2
A3: 1-qavat narxi (so'm / m²) | B3: 7700000
A4: 2-qavat narxi (so'm / m²) | B4: 7800000
A5: 3-qavat narxi (so'm / m²) | B5: 7300000
A6: 4-qavat narxi (so'm / m²) | B6: 7000000
A7: 5-qavat narxi (so'm / m²) | B7: 6700000
A8: Sotuvchi tashkilot | B8: KITOB FAYZ QURILISH MCHJ
A9: Direktor | B9: Samadov Alisher Qiyomiddin o‘g‘li
A10: Obyekt manzili | B10: Kitob tumani Guliston MFY Guliston ko‘chasi
